--
-- PostgreSQL database dump
--

-- Dumped from database version 12.16 (Ubuntu 12.16-0ubuntu0.20.04.1)
-- Dumped by pg_dump version 12.16 (Ubuntu 12.16-0ubuntu0.20.04.1)

SET statement_timeout = 0;
SET lock_timeout = 0;
SET idle_in_transaction_session_timeout = 0;
SET client_encoding = 'UTF8';
SET standard_conforming_strings = on;
SELECT pg_catalog.set_config('search_path', '', false);
SET check_function_bodies = false;
SET xmloption = content;
SET client_min_messages = warning;
SET row_security = off;

SET default_tablespace = '';

SET default_table_access_method = heap;

--
-- Name: Attendance; Type: TABLE; Schema: public; Owner: i
--

CREATE TABLE public."Attendance" (
    id bigint NOT NULL,
    in_time timestamp with time zone,
    out_time timestamp with time zone,
    employee_attended_id bigint,
    user_created_the_attendance_id bigint
);


ALTER TABLE public."Attendance" OWNER TO i;

--
-- Name: Attendance_id_seq; Type: SEQUENCE; Schema: public; Owner: i
--

ALTER TABLE public."Attendance" ALTER COLUMN id ADD GENERATED BY DEFAULT AS IDENTITY (
    SEQUENCE NAME public."Attendance_id_seq"
    START WITH 1
    INCREMENT BY 1
    NO MINVALUE
    NO MAXVALUE
    CACHE 1
);


--
-- Name: admins; Type: TABLE; Schema: public; Owner: i
--

CREATE TABLE public.admins (
    person_ptr_id bigint NOT NULL
);


ALTER TABLE public.admins OWNER TO i;

--
-- Name: ajenda; Type: TABLE; Schema: public; Owner: i
--

CREATE TABLE public.ajenda (
    id integer NOT NULL,
    created_at timestamp with time zone NOT NULL,
    updated_at timestamp with time zone NOT NULL,
    description text NOT NULL,
    created_by_id integer NOT NULL
);


ALTER TABLE public.ajenda OWNER TO i;

--
-- Name: ajenda_id_seq; Type: SEQUENCE; Schema: public; Owner: i
--

CREATE SEQUENCE public.ajenda_id_seq
    AS integer
    START WITH 1
    INCREMENT BY 1
    NO MINVALUE
    NO MAXVALUE
    CACHE 1;


ALTER TABLE public.ajenda_id_seq OWNER TO i;

--
-- Name: ajenda_id_seq; Type: SEQUENCE OWNED BY; Schema: public; Owner: i
--

ALTER SEQUENCE public.ajenda_id_seq OWNED BY public.ajenda.id;


--
-- Name: auth_group; Type: TABLE; Schema: public; Owner: i
--

CREATE TABLE public.auth_group (
    id integer NOT NULL,
    name character varying(150) NOT NULL
);


ALTER TABLE public.auth_group OWNER TO i;

--
-- Name: auth_group_id_seq; Type: SEQUENCE; Schema: public; Owner: i
--

ALTER TABLE public.auth_group ALTER COLUMN id ADD GENERATED BY DEFAULT AS IDENTITY (
    SEQUENCE NAME public.auth_group_id_seq
    START WITH 1
    INCREMENT BY 1
    NO MINVALUE
    NO MAXVALUE
    CACHE 1
);


--
-- Name: auth_group_permissions; Type: TABLE; Schema: public; Owner: i
--

CREATE TABLE public.auth_group_permissions (
    id bigint NOT NULL,
    group_id integer NOT NULL,
    permission_id integer NOT NULL
);


ALTER TABLE public.auth_group_permissions OWNER TO i;

--
-- Name: auth_group_permissions_id_seq; Type: SEQUENCE; Schema: public; Owner: i
--

ALTER TABLE public.auth_group_permissions ALTER COLUMN id ADD GENERATED BY DEFAULT AS IDENTITY (
    SEQUENCE NAME public.auth_group_permissions_id_seq
    START WITH 1
    INCREMENT BY 1
    NO MINVALUE
    NO MAXVALUE
    CACHE 1
);


--
-- Name: auth_permission; Type: TABLE; Schema: public; Owner: i
--

CREATE TABLE public.auth_permission (
    id integer NOT NULL,
    name character varying(255) NOT NULL,
    content_type_id integer NOT NULL,
    codename character varying(100) NOT NULL
);


ALTER TABLE public.auth_permission OWNER TO i;

--
-- Name: auth_permission_id_seq; Type: SEQUENCE; Schema: public; Owner: i
--

ALTER TABLE public.auth_permission ALTER COLUMN id ADD GENERATED BY DEFAULT AS IDENTITY (
    SEQUENCE NAME public.auth_permission_id_seq
    START WITH 1
    INCREMENT BY 1
    NO MINVALUE
    NO MAXVALUE
    CACHE 1
);


--
-- Name: categories; Type: TABLE; Schema: public; Owner: i
--

CREATE TABLE public.categories (
    id bigint NOT NULL,
    name character varying(95) NOT NULL
);


ALTER TABLE public.categories OWNER TO i;

--
-- Name: categories_id_seq; Type: SEQUENCE; Schema: public; Owner: i
--

ALTER TABLE public.categories ALTER COLUMN id ADD GENERATED BY DEFAULT AS IDENTITY (
    SEQUENCE NAME public.categories_id_seq
    START WITH 1
    INCREMENT BY 1
    NO MINVALUE
    NO MAXVALUE
    CACHE 1
);


--
-- Name: costs; Type: TABLE; Schema: public; Owner: i
--

CREATE TABLE public.costs (
    id bigint NOT NULL,
    description character varying(400) NOT NULL,
    price numeric(8,2) NOT NULL,
    date timestamp with time zone NOT NULL,
    type text NOT NULL,
    related_shift_id bigint,
    user_id bigint
);


ALTER TABLE public.costs OWNER TO i;

--
-- Name: costs_id_seq; Type: SEQUENCE; Schema: public; Owner: i
--

ALTER TABLE public.costs ALTER COLUMN id ADD GENERATED BY DEFAULT AS IDENTITY (
    SEQUENCE NAME public.costs_id_seq
    START WITH 1
    INCREMENT BY 1
    NO MINVALUE
    NO MAXVALUE
    CACHE 1
);


--
-- Name: customers; Type: TABLE; Schema: public; Owner: i
--

CREATE TABLE public.customers (
    person_ptr_id bigint NOT NULL,
    address text
);


ALTER TABLE public.customers OWNER TO i;

--
-- Name: deliveries; Type: TABLE; Schema: public; Owner: i
--

CREATE TABLE public.deliveries (
    id bigint NOT NULL,
    created timestamp with time zone NOT NULL,
    modified timestamp with time zone NOT NULL,
    description text,
    address text,
    delivered boolean NOT NULL,
    tax integer,
    customer_id bigint NOT NULL,
    for_order_id bigint NOT NULL,
    responsible_employee_id bigint,
    CONSTRAINT deliveries_tax_check CHECK ((tax >= 0))
);


ALTER TABLE public.deliveries OWNER TO i;

--
-- Name: deliveries_id_seq; Type: SEQUENCE; Schema: public; Owner: i
--

ALTER TABLE public.deliveries ALTER COLUMN id ADD GENERATED BY DEFAULT AS IDENTITY (
    SEQUENCE NAME public.deliveries_id_seq
    START WITH 1
    INCREMENT BY 1
    NO MINVALUE
    NO MAXVALUE
    CACHE 1
);


--
-- Name: django_admin_log; Type: TABLE; Schema: public; Owner: i
--

CREATE TABLE public.django_admin_log (
    id integer NOT NULL,
    action_time timestamp with time zone NOT NULL,
    object_id text,
    object_repr character varying(200) NOT NULL,
    action_flag smallint NOT NULL,
    change_message text NOT NULL,
    content_type_id integer,
    user_id bigint NOT NULL,
    CONSTRAINT django_admin_log_action_flag_check CHECK ((action_flag >= 0))
);


ALTER TABLE public.django_admin_log OWNER TO i;

--
-- Name: django_admin_log_id_seq; Type: SEQUENCE; Schema: public; Owner: i
--

ALTER TABLE public.django_admin_log ALTER COLUMN id ADD GENERATED BY DEFAULT AS IDENTITY (
    SEQUENCE NAME public.django_admin_log_id_seq
    START WITH 1
    INCREMENT BY 1
    NO MINVALUE
    NO MAXVALUE
    CACHE 1
);


--
-- Name: django_content_type; Type: TABLE; Schema: public; Owner: i
--

CREATE TABLE public.django_content_type (
    id integer NOT NULL,
    app_label character varying(100) NOT NULL,
    model character varying(100) NOT NULL
);


ALTER TABLE public.django_content_type OWNER TO i;

--
-- Name: django_content_type_id_seq; Type: SEQUENCE; Schema: public; Owner: i
--

ALTER TABLE public.django_content_type ALTER COLUMN id ADD GENERATED BY DEFAULT AS IDENTITY (
    SEQUENCE NAME public.django_content_type_id_seq
    START WITH 1
    INCREMENT BY 1
    NO MINVALUE
    NO MAXVALUE
    CACHE 1
);


--
-- Name: django_migrations; Type: TABLE; Schema: public; Owner: i
--

CREATE TABLE public.django_migrations (
    id bigint NOT NULL,
    app character varying(255) NOT NULL,
    name character varying(255) NOT NULL,
    applied timestamp with time zone NOT NULL
);


ALTER TABLE public.django_migrations OWNER TO i;

--
-- Name: django_migrations_id_seq; Type: SEQUENCE; Schema: public; Owner: i
--

ALTER TABLE public.django_migrations ALTER COLUMN id ADD GENERATED BY DEFAULT AS IDENTITY (
    SEQUENCE NAME public.django_migrations_id_seq
    START WITH 1
    INCREMENT BY 1
    NO MINVALUE
    NO MAXVALUE
    CACHE 1
);


--
-- Name: django_session; Type: TABLE; Schema: public; Owner: i
--

CREATE TABLE public.django_session (
    session_key character varying(40) NOT NULL,
    session_data text NOT NULL,
    expire_date timestamp with time zone NOT NULL
);


ALTER TABLE public.django_session OWNER TO i;

--
-- Name: employees; Type: TABLE; Schema: public; Owner: i
--

CREATE TABLE public.employees (
    person_ptr_id bigint NOT NULL,
    employee_role character varying(50) NOT NULL,
    salary numeric(10,2) NOT NULL
);


ALTER TABLE public.employees OWNER TO i;

--
-- Name: logEntry_customlogentry; Type: TABLE; Schema: public; Owner: i
--

CREATE TABLE public."logEntry_customlogentry" (
    logentry_ptr_id integer NOT NULL
);


ALTER TABLE public."logEntry_customlogentry" OWNER TO i;

--
-- Name: menu_items; Type: TABLE; Schema: public; Owner: i
--

CREATE TABLE public.menu_items (
    id bigint NOT NULL,
    name character varying(70) NOT NULL,
    price numeric(6,2) NOT NULL,
    available boolean NOT NULL,
    category_id bigint
);


ALTER TABLE public.menu_items OWNER TO i;

--
-- Name: menu_items_id_seq; Type: SEQUENCE; Schema: public; Owner: i
--

ALTER TABLE public.menu_items ALTER COLUMN id ADD GENERATED BY DEFAULT AS IDENTITY (
    SEQUENCE NAME public.menu_items_id_seq
    START WITH 1
    INCREMENT BY 1
    NO MINVALUE
    NO MAXVALUE
    CACHE 1
);


--
-- Name: order_items; Type: TABLE; Schema: public; Owner: i
--

CREATE TABLE public.order_items (
    id bigint NOT NULL,
    quantity integer NOT NULL,
    item_price numeric(10,2),
    total_price_of_order_items numeric(10,2),
    menu_item_id bigint NOT NULL,
    order_id bigint NOT NULL,
    CONSTRAINT order_items_quantity_check CHECK ((quantity >= 0))
);


ALTER TABLE public.order_items OWNER TO i;

--
-- Name: order_items_id_seq; Type: SEQUENCE; Schema: public; Owner: i
--

ALTER TABLE public.order_items ALTER COLUMN id ADD GENERATED BY DEFAULT AS IDENTITY (
    SEQUENCE NAME public.order_items_id_seq
    START WITH 1
    INCREMENT BY 1
    NO MINVALUE
    NO MAXVALUE
    CACHE 1
);


--
-- Name: orders; Type: TABLE; Schema: public; Owner: i
--

CREATE TABLE public.orders (
    id bigint NOT NULL,
    order_status character varying(12) NOT NULL,
    order_type character varying(12) NOT NULL,
    created_at timestamp with time zone NOT NULL,
    total_price_of_order numeric(10,2),
    customer_id bigint,
    shift_id bigint NOT NULL
);


ALTER TABLE public.orders OWNER TO i;

--
-- Name: orders_id_seq; Type: SEQUENCE; Schema: public; Owner: i
--

ALTER TABLE public.orders ALTER COLUMN id ADD GENERATED BY DEFAULT AS IDENTITY (
    SEQUENCE NAME public.orders_id_seq
    START WITH 1
    INCREMENT BY 1
    NO MINVALUE
    NO MAXVALUE
    CACHE 1
);


--
-- Name: shifts; Type: TABLE; Schema: public; Owner: i
--

CREATE TABLE public.shifts (
    id bigint NOT NULL,
    start_time timestamp with time zone NOT NULL,
    end_time timestamp with time zone,
    responsible_employee_id bigint
);


ALTER TABLE public.shifts OWNER TO i;

--
-- Name: shifts_id_seq; Type: SEQUENCE; Schema: public; Owner: i
--

ALTER TABLE public.shifts ALTER COLUMN id ADD GENERATED BY DEFAULT AS IDENTITY (
    SEQUENCE NAME public.shifts_id_seq
    START WITH 1
    INCREMENT BY 1
    NO MINVALUE
    NO MAXVALUE
    CACHE 1
);


--
-- Name: shifts_reports; Type: TABLE; Schema: public; Owner: i
--

CREATE TABLE public.shifts_reports (
    id bigint NOT NULL,
    total_profit numeric(9,2),
    total_costs numeric(9,2),
    net_profit numeric(9,2),
    related_shift_id bigint NOT NULL
);


ALTER TABLE public.shifts_reports OWNER TO i;

--
-- Name: shifts_reports_id_seq; Type: SEQUENCE; Schema: public; Owner: i
--

ALTER TABLE public.shifts_reports ALTER COLUMN id ADD GENERATED BY DEFAULT AS IDENTITY (
    SEQUENCE NAME public.shifts_reports_id_seq
    START WITH 1
    INCREMENT BY 1
    NO MINVALUE
    NO MAXVALUE
    CACHE 1
);


--
-- Name: users; Type: TABLE; Schema: public; Owner: i
--

CREATE TABLE public.users (
    id bigint NOT NULL,
    last_login timestamp with time zone,
    role character varying(50) NOT NULL,
    full_name character varying(50) NOT NULL,
    username character varying(50),
    email character varying(254),
    password character varying(128),
    is_superuser boolean,
    phone_number character varying(20),
    gender character varying(1),
    birth_date date,
    is_staff boolean NOT NULL
);


ALTER TABLE public.users OWNER TO i;

--
-- Name: users_groups; Type: TABLE; Schema: public; Owner: i
--

CREATE TABLE public.users_groups (
    id bigint NOT NULL,
    person_id bigint NOT NULL,
    group_id integer NOT NULL
);


ALTER TABLE public.users_groups OWNER TO i;

--
-- Name: users_groups_id_seq; Type: SEQUENCE; Schema: public; Owner: i
--

ALTER TABLE public.users_groups ALTER COLUMN id ADD GENERATED BY DEFAULT AS IDENTITY (
    SEQUENCE NAME public.users_groups_id_seq
    START WITH 1
    INCREMENT BY 1
    NO MINVALUE
    NO MAXVALUE
    CACHE 1
);


--
-- Name: users_id_seq; Type: SEQUENCE; Schema: public; Owner: i
--

ALTER TABLE public.users ALTER COLUMN id ADD GENERATED BY DEFAULT AS IDENTITY (
    SEQUENCE NAME public.users_id_seq
    START WITH 1
    INCREMENT BY 1
    NO MINVALUE
    NO MAXVALUE
    CACHE 1
);


--
-- Name: users_user_permissions; Type: TABLE; Schema: public; Owner: i
--

CREATE TABLE public.users_user_permissions (
    id bigint NOT NULL,
    person_id bigint NOT NULL,
    permission_id integer NOT NULL
);


ALTER TABLE public.users_user_permissions OWNER TO i;

--
-- Name: users_user_permissions_id_seq; Type: SEQUENCE; Schema: public; Owner: i
--

ALTER TABLE public.users_user_permissions ALTER COLUMN id ADD GENERATED BY DEFAULT AS IDENTITY (
    SEQUENCE NAME public.users_user_permissions_id_seq
    START WITH 1
    INCREMENT BY 1
    NO MINVALUE
    NO MAXVALUE
    CACHE 1
);


--
-- Name: ajenda id; Type: DEFAULT; Schema: public; Owner: i
--

ALTER TABLE ONLY public.ajenda ALTER COLUMN id SET DEFAULT nextval('public.ajenda_id_seq'::regclass);


--
-- Data for Name: Attendance; Type: TABLE DATA; Schema: public; Owner: i
--

COPY public."Attendance" (id, in_time, out_time, employee_attended_id, user_created_the_attendance_id) FROM stdin;
1	2023-10-06 01:53:32.229431+03	2023-10-01 02:43:21+03	2	2
2	2023-10-21 05:16:42.387636+03	\N	2	2
\.


--
-- Data for Name: admins; Type: TABLE DATA; Schema: public; Owner: i
--

COPY public.admins (person_ptr_id) FROM stdin;
3
\.


--
-- Data for Name: ajenda; Type: TABLE DATA; Schema: public; Owner: i
--

COPY public.ajenda (id, created_at, updated_at, description, created_by_id) FROM stdin;
\.


--
-- Data for Name: auth_group; Type: TABLE DATA; Schema: public; Owner: i
--

COPY public.auth_group (id, name) FROM stdin;
\.


--
-- Data for Name: auth_group_permissions; Type: TABLE DATA; Schema: public; Owner: i
--

COPY public.auth_group_permissions (id, group_id, permission_id) FROM stdin;
\.


--
-- Data for Name: auth_permission; Type: TABLE DATA; Schema: public; Owner: i
--

COPY public.auth_permission (id, name, content_type_id, codename) FROM stdin;
1	Can add log entry	1	add_logentry
2	Can change log entry	1	change_logentry
3	Can delete log entry	1	delete_logentry
4	Can view log entry	1	view_logentry
5	Can add permission	2	add_permission
6	Can change permission	2	change_permission
7	Can delete permission	2	delete_permission
8	Can view permission	2	view_permission
9	Can add group	3	add_group
10	Can change group	3	change_group
11	Can delete group	3	delete_group
12	Can view group	3	view_group
13	Can add content type	4	add_contenttype
14	Can change content type	4	change_contenttype
15	Can delete content type	4	delete_contenttype
16	Can view content type	4	view_contenttype
17	Can add session	5	add_session
18	Can change session	5	change_session
19	Can delete session	5	delete_session
20	Can view session	5	view_session
21	Can add person	6	add_person
22	Can change person	6	change_person
23	Can delete person	6	delete_person
24	Can view person	6	view_person
25	Can add employee bridge	7	add_employeebridge
26	Can change employee bridge	7	change_employeebridge
27	Can delete employee bridge	7	delete_employeebridge
28	Can view employee bridge	7	view_employeebridge
29	Can add Employee	8	add_employee
30	Can change Employee	8	change_employee
31	Can delete Employee	8	delete_employee
32	Can view Employee	8	view_employee
33	Can add customer bridge	9	add_customerbridge
34	Can change customer bridge	9	change_customerbridge
35	Can delete customer bridge	9	delete_customerbridge
36	Can view customer bridge	9	view_customerbridge
37	Can add Customer	10	add_customer
38	Can change Customer	10	change_customer
39	Can delete Customer	10	delete_customer
40	Can view Customer	10	view_customer
41	Can add admin bridge	11	add_adminbridge
42	Can change admin bridge	11	change_adminbridge
43	Can delete admin bridge	11	delete_adminbridge
44	Can view admin bridge	11	view_adminbridge
45	Can add Admin	12	add_admin
46	Can change Admin	12	change_admin
47	Can delete Admin	12	delete_admin
48	Can view Admin	12	view_admin
49	Can add Catrgory	13	add_category
50	Can change Catrgory	13	change_category
51	Can delete Catrgory	13	delete_category
52	Can view Catrgory	13	view_category
53	Can add Menu	14	add_menu
54	Can change Menu	14	change_menu
55	Can delete Menu	14	delete_menu
56	Can view Menu	14	view_menu
57	Can add Order	15	add_order
58	Can change Order	15	change_order
59	Can delete Order	15	delete_order
60	Can view Order	15	view_order
61	Can add Order Item	16	add_orderitem
62	Can change Order Item	16	change_orderitem
63	Can delete Order Item	16	delete_orderitem
64	Can view Order Item	16	view_orderitem
65	Can add Shift	17	add_shift
66	Can change Shift	17	change_shift
67	Can delete Shift	17	delete_shift
68	Can view Shift	17	view_shift
69	Can add Shift Report	18	add_shiftreport
70	Can change Shift Report	18	change_shiftreport
71	Can delete Shift Report	18	delete_shiftreport
72	Can view Shift Report	18	view_shiftreport
73	Can add Cost	19	add_cost
74	Can change Cost	19	change_cost
75	Can delete Cost	19	delete_cost
76	Can view Cost	19	view_cost
77	Can add attendance	20	add_attendance
78	Can change attendance	20	change_attendance
79	Can delete attendance	20	delete_attendance
80	Can view attendance	20	view_attendance
81	Can add Delivery	21	add_delivery
82	Can change Delivery	21	change_delivery
83	Can delete Delivery	21	delete_delivery
84	Can view Delivery	21	view_delivery
85	Can add ملحوظة	22	add_ajenda
86	Can change ملحوظة	22	change_ajenda
87	Can delete ملحوظة	22	delete_ajenda
88	Can view ملحوظة	22	view_ajenda
89	Can add اخر حدث	23	add_customlogentry
90	Can change اخر حدث	23	change_customlogentry
91	Can delete اخر حدث	23	delete_customlogentry
92	Can view اخر حدث	23	view_customlogentry
\.


--
-- Data for Name: categories; Type: TABLE DATA; Schema: public; Owner: i
--

COPY public.categories (id, name) FROM stdin;
1	Cold drinks
2	Pizza
3	Burger
4	Hot drinks
5	Waffles
6	Pizza
7	Pizza Birger
8	Cold drinks
9	hot drinks
\.


--
-- Data for Name: costs; Type: TABLE DATA; Schema: public; Owner: i
--

COPY public.costs (id, description, price, date, type, related_shift_id, user_id) FROM stdin;
\.


--
-- Data for Name: customers; Type: TABLE DATA; Schema: public; Owner: i
--

COPY public.customers (person_ptr_id, address) FROM stdin;
4	Elsadat
5	\N
8	sss
\.


--
-- Data for Name: deliveries; Type: TABLE DATA; Schema: public; Owner: i
--

COPY public.deliveries (id, created, modified, description, address, delivered, tax, customer_id, for_order_id, responsible_employee_id) FROM stdin;
1	2023-10-05 21:51:27.073015+03	2023-10-05 21:51:27.073028+03	\N	\N	f	\N	4	1	2
2	2023-10-05 21:52:23.166976+03	2023-10-05 21:52:23.166989+03	\N	Elsadat	f	\N	4	1	2
3	2023-10-05 21:55:49.316933+03	2023-10-05 21:55:49.316944+03	\N	Elsadat	f	\N	4	1	2
4	2023-10-11 20:41:18.600829+03	2023-10-11 20:41:18.600842+03	\N	El-Mohafza st	f	50	4	1	2
5	2023-10-11 20:46:27.612907+03	2023-10-11 20:46:27.612924+03	\N	El-Mohafza st	f	50	4	1	2
6	2023-10-11 20:47:31.833662+03	2023-10-11 20:47:31.833674+03	\N	El-Mohafza st	f	50	4	1	2
7	2023-10-11 20:48:02.267319+03	2023-10-11 20:48:02.267333+03	\N	El-Mohafza st	f	50	4	1	2
9	2023-10-11 21:25:23.881062+03	2023-10-11 21:25:23.881076+03	\N	El-Mohafza st	f	11	4	1	2
8	2023-10-11 20:48:39.900388+03	2023-10-11 22:57:05.332715+03	\N	El-Mohafza st	f	13	4	2	2
10	2023-10-20 22:43:12.258199+03	2023-10-20 22:43:12.258213+03	\N	El-Mohafza st	f	13	4	1	2
12	2023-10-21 05:16:15.985109+03	2023-10-21 05:16:15.985123+03			f	0	5	11	6
13	2023-10-21 05:20:36.378172+03	2023-10-21 05:20:36.378189+03			f	0	4	10	6
\.


--
-- Data for Name: django_admin_log; Type: TABLE DATA; Schema: public; Owner: i
--

COPY public.django_admin_log (id, action_time, object_id, object_repr, action_flag, change_message, content_type_id, user_id) FROM stdin;
1	2023-10-05 19:07:30.149331+03	1	Cold drinks	1	[{"added": {}}]	13	1
2	2023-10-05 19:26:20.103112+03	2	Pizza	1	[{"added": {}}]	13	1
3	2023-10-05 19:26:23.905738+03	3	Burger	1	[{"added": {}}]	13	1
4	2023-10-05 19:26:27.892981+03	4	Hot drinks	1	[{"added": {}}]	13	1
5	2023-10-05 19:26:33.20677+03	5	Waffles	1	[{"added": {}}]	13	1
6	2023-10-05 19:26:49.73692+03	1	Ice Mocca	1	[{"added": {}}]	14	1
7	2023-10-05 19:27:01.172084+03	2	Pizza Margreta	1	[{"added": {}}]	14	1
8	2023-10-05 21:50:18.968532+03	4	Ibrahim Shaaban	1	[{"added": {}}]	10	1
9	2023-10-06 01:53:32.231373+03	1	Ibrahim	1	[{"added": {}}]	20	1
10	2023-10-10 05:01:31.281029+03	6	Ibrahim Shaaban	1	[{"added": {}}]	8	1
11	2023-10-11 21:03:48.970248+03	3	Ibrahim	2	[{"changed": {"fields": ["Password"]}}]	12	1
12	2023-10-21 05:12:57.92657+03	11	Delivery object (11)	1	[{"added": {}}]	21	7
13	2023-10-21 05:16:15.986+03	12	Delivery object (12)	1	[{"added": {}}]	21	7
14	2023-10-21 05:16:42.414646+03	2	Ibrahim	1	[{"added": {}}]	20	7
15	2023-10-21 05:17:11.800985+03	6	Pizza	1	[{"added": {}}]	13	7
16	2023-10-21 05:17:17.391971+03	7	Pizza Birger	1	[{"added": {}}]	13	7
17	2023-10-21 05:17:21.152168+03	8	Cold drinks	1	[{"added": {}}]	13	7
18	2023-10-21 05:17:25.974973+03	9	hot drinks	1	[{"added": {}}]	13	7
19	2023-10-21 05:20:36.379252+03	13	Delivery object (13)	1	[{"added": {}}]	21	7
20	2023-10-22 22:33:26.686805+03	3	Ibrahim	2	[{"changed": {"fields": ["\\u0643\\u0644\\u0645\\u0629 \\u0627\\u0644\\u0633\\u0631"]}}]	12	7
21	2023-10-22 22:34:04.322577+03	8	Ibrahim	1	[{"added": {}}]	10	7
22	2023-10-22 22:47:48.418611+03	10	10	2	[{"changed": {"fields": ["\\u0627\\u0644\\u0639\\u0645\\u064a\\u0644"]}}]	15	3
23	2023-10-23 01:20:32.815985+03	13	13	3		15	3
\.


--
-- Data for Name: django_content_type; Type: TABLE DATA; Schema: public; Owner: i
--

COPY public.django_content_type (id, app_label, model) FROM stdin;
1	admin	logentry
2	auth	permission
3	auth	group
4	contenttypes	contenttype
5	sessions	session
6	users	person
7	employees	employeebridge
8	employees	employee
9	customers	customerbridge
10	customers	customer
11	admins	adminbridge
12	admins	admin
13	products	category
14	products	menu
15	orders	order
16	orders	orderitem
17	shifts	shift
18	shifts	shiftreport
19	financials	cost
20	attendance	attendance
21	deliveries	delivery
22	ajenda	ajenda
23	logEntry	customlogentry
\.


--
-- Data for Name: django_migrations; Type: TABLE DATA; Schema: public; Owner: i
--

COPY public.django_migrations (id, app, name, applied) FROM stdin;
1	contenttypes	0001_initial	2023-10-05 19:06:22.806713+03
2	contenttypes	0002_remove_content_type_name	2023-10-05 19:06:22.855247+03
3	auth	0001_initial	2023-10-05 19:06:23.875188+03
4	auth	0002_alter_permission_name_max_length	2023-10-05 19:06:23.922434+03
5	auth	0003_alter_user_email_max_length	2023-10-05 19:06:23.967279+03
6	auth	0004_alter_user_username_opts	2023-10-05 19:06:24.005442+03
7	auth	0005_alter_user_last_login_null	2023-10-05 19:06:24.039762+03
8	auth	0006_require_contenttypes_0002	2023-10-05 19:06:24.072543+03
9	auth	0007_alter_validators_add_error_messages	2023-10-05 19:06:24.099956+03
10	auth	0008_alter_user_username_max_length	2023-10-05 19:06:24.147236+03
11	auth	0009_alter_user_last_name_max_length	2023-10-05 19:06:24.195199+03
12	auth	0010_alter_group_name_max_length	2023-10-05 19:06:24.244911+03
13	auth	0011_update_proxy_permissions	2023-10-05 19:06:24.288507+03
14	auth	0012_alter_user_first_name_max_length	2023-10-05 19:06:24.335336+03
15	users	0001_initial	2023-10-05 19:06:26.17586+03
16	admin	0001_initial	2023-10-05 19:06:26.713404+03
17	admin	0002_logentry_remove_auto_add	2023-10-05 19:06:26.751383+03
18	admin	0003_logentry_add_action_flag_choices	2023-10-05 19:06:26.800906+03
19	admins	0001_initial	2023-10-05 19:06:26.994388+03
20	employees	0001_initial	2023-10-05 19:06:27.181549+03
21	attendance	0001_initial	2023-10-05 19:06:27.334492+03
22	attendance	0002_initial	2023-10-05 19:06:27.659519+03
23	customers	0001_initial	2023-10-05 19:06:27.974211+03
24	shifts	0001_initial	2023-10-05 19:06:28.417514+03
25	products	0001_initial	2023-10-05 19:06:28.81501+03
26	orders	0001_initial	2023-10-05 19:06:29.515719+03
27	orders	0002_initial	2023-10-05 19:06:29.85232+03
28	deliveries	0001_initial	2023-10-05 19:06:30.098703+03
29	deliveries	0002_initial	2023-10-05 19:06:30.515703+03
30	financials	0001_initial	2023-10-05 19:06:30.761987+03
31	financials	0002_initial	2023-10-05 19:06:30.948516+03
32	financials	0003_initial	2023-10-05 19:06:31.188077+03
33	sessions	0001_initial	2023-10-05 19:06:31.481031+03
34	shifts	0002_initial	2023-10-05 19:06:31.659656+03
35	deliveries	0003_alter_delivery_tax	2023-10-11 20:38:10.476967+03
36	ajenda	0001_initial	2023-10-23 01:59:27.21262+03
37	employees	0002_alter_employee_salary	2023-10-23 01:59:27.277971+03
38	ajenda	0002_alter_ajenda_created_by_alter_ajenda_description	2023-10-25 22:15:11.285595+03
39	logEntry	0001_initial	2023-10-25 22:15:11.982755+03
\.


--
-- Data for Name: django_session; Type: TABLE DATA; Schema: public; Owner: i
--

COPY public.django_session (session_key, session_data, expire_date) FROM stdin;
ge5a6h00r3j4dn3orbbqokd5f747eh3g	.eJxVjLsOAiEURP-F2mzCc7l26jdYk3uBDcTIJgKV8d-FxMItppg5mfNmDntLrtf4cjmwM-Ps9L8R-kcsE8xal0liadljy3tZbr22_Xkf6HIA19_t4EpY0xAhoQqrD0aNWE08xpWMlVojStpGSBJsCrgCAgMqCgAQgpMlNF6yzxdhaj28:1qoQsh:He0AWvsyCqkkMS9SPtLx-QimQhxL4Wl9cS8ZRGTZ0JY	2023-10-19 19:07:19.726361+03
qxlud4ztfau1jvy04sk0ze9io53flam7	.eJxVzT0OAiEQBeC7UJsN8rMsduoZrMkMMwRiZBNhK-PdlcTCLed9eW9eIsDWc9gaP0MhcRJaHP4zhHjnOmCcbRrCtZcIvax1um6tr4_bl847uPxqu60MLY8PqACkJ1agKTorTSROzvqkCRfSsyOPHC1KQuPZGYtLUnDUakbHKMX7A2VqPjw:1qugnh:ySoAzE0MPUbaJq13-1_DnZADZmr4T-chEwEFkQtkv-8	2023-11-06 00:20:01.982343+02
\.


--
-- Data for Name: employees; Type: TABLE DATA; Schema: public; Owner: i
--

COPY public.employees (person_ptr_id, employee_role, salary) FROM stdin;
2	WAITER	3000.00
6	CASHIER	3000.00
\.


--
-- Data for Name: logEntry_customlogentry; Type: TABLE DATA; Schema: public; Owner: i
--

COPY public."logEntry_customlogentry" (logentry_ptr_id) FROM stdin;
\.


--
-- Data for Name: menu_items; Type: TABLE DATA; Schema: public; Owner: i
--

COPY public.menu_items (id, name, price, available, category_id) FROM stdin;
1	Ice Mocca	23.00	t	1
2	Pizza Margreta	55.00	t	2
3	tea	59.00	t	4
\.


--
-- Data for Name: order_items; Type: TABLE DATA; Schema: public; Owner: i
--

COPY public.order_items (id, quantity, item_price, total_price_of_order_items, menu_item_id, order_id) FROM stdin;
\.


--
-- Data for Name: orders; Type: TABLE DATA; Schema: public; Owner: i
--

COPY public.orders (id, order_status, order_type, created_at, total_price_of_order, customer_id, shift_id) FROM stdin;
1	PENDING	HALL	2023-10-05 21:43:58.398503+03	50.00	\N	6
2	PENDING	DELIVERY	2023-10-05 21:54:31.624573+03	6.00	\N	6
3	PENDING	HALL	2023-10-11 23:10:59.605045+03	0.00	\N	8
4	PENDING	HALL	2023-10-11 23:11:13.064445+03	0.00	\N	8
9	PENDING	DELIVERY	2023-10-15 19:22:18.64073+03	0.00	\N	10
7	DONE	DELIVERY	2023-10-15 19:19:07.977936+03	0.00	\N	9
12	DONE	DELIVERY	2023-10-15 19:38:07.709514+03	0.00	\N	14
6	DONE	HALL	2023-10-11 23:12:25.099804+03	0.00	\N	8
5	DONE	HALL	2023-10-11 23:11:13.849709+03	0.00	\N	8
8	DONE	DELIVERY	2023-10-15 19:19:26.152675+03	0.00	\N	9
11	ssss	DELIVERY	2023-10-15 19:30:13.124377+03	0.00	\N	13
10	PENDING	DELIVERY	2023-10-15 19:26:12.963141+03	0.00	4	12
\.


--
-- Data for Name: shifts; Type: TABLE DATA; Schema: public; Owner: i
--

COPY public.shifts (id, start_time, end_time, responsible_employee_id) FROM stdin;
1	2023-10-05 19:43:33.560625+03	2023-10-05 19:43:47.200826+03	2
2	2023-10-05 19:43:47.200826+03	2023-10-05 19:55:12.245306+03	2
3	2023-10-05 19:55:12.220707+03	2023-10-05 19:55:48.021037+03	2
4	2023-10-05 19:55:48.021037+03	2023-10-05 19:58:37.693247+03	2
5	2023-10-05 19:58:37.576189+03	2023-10-05 19:59:03.000028+03	2
6	2023-10-05 19:59:03.000028+03	2023-10-10 05:10:44.380595+03	2
7	2023-10-10 05:10:44.380595+03	2023-10-11 23:10:46.373687+03	2
8	2023-10-11 23:10:46.373687+03	2023-10-15 19:17:24.617553+03	2
9	2023-10-15 19:17:24.617553+03	2023-10-15 19:19:42.47882+03	2
10	2023-10-15 19:19:42.47882+03	2023-10-15 19:22:28.2414+03	2
11	2023-10-15 19:22:28.2414+03	2023-10-15 19:23:15.767071+03	2
12	2023-10-15 19:23:15.767071+03	2023-10-15 19:28:21.669459+03	2
13	2023-10-15 19:28:21.669459+03	2023-10-15 19:30:22.34159+03	2
15	2023-10-15 19:38:21.346815+03	\N	2
14	2023-10-15 19:30:22.34159+03	2023-10-15 19:38:21.346815+03	2
\.


--
-- Data for Name: shifts_reports; Type: TABLE DATA; Schema: public; Owner: i
--

COPY public.shifts_reports (id, total_profit, total_costs, net_profit, related_shift_id) FROM stdin;
\.


--
-- Data for Name: users; Type: TABLE DATA; Schema: public; Owner: i
--

COPY public.users (id, last_login, role, full_name, username, email, password, is_superuser, phone_number, gender, birth_date, is_staff) FROM stdin;
1	2023-10-05 19:07:19.69906+03	ADMIN	I	\N	i@gmail.com	pbkdf2_sha256$600000$4JbeBtaJDl7ioU9QPo5pGT$D8X5mSnEAgFCyMXPkX13q4rhjh9W+z5LPSNTtLs+OhQ=	t	01002555227	\N	\N	t
2	\N	EMPLOYEE	Ibrahim	employee	\N	pbkdf2_sha256$600000$Q5TFGASgiQRMth9kwB3TiU$r4vdV1ijfd/dotq6BIIOecoM8cXwhPvRRqe3KsGkEFk=	f	01005555555	\N	\N	f
4	\N	CUSTOMER	Ibrahim Shaaban	\N	\N	\N	f	01002222222	M	2023-10-05	f
5	\N	CUSTOMER	Ibrahim Shaaban	\N	\N	\N	f	01002222221	\N	\N	f
6	\N	EMPLOYEE	Ibrahim Shaaban	employee1	\N	pbkdf2_sha256$600000$aiXYLtxsegn34CEd9oltMB$iiMJo9WL5W1T+dS8WASCvahkd1xVfkBx9ojehpiJn9E=	f	01005555558	\N	\N	f
7	2023-10-21 05:12:40.479556+03	ADMIN	sss	\N	admin@gmail.com	pbkdf2_sha256$600000$pDQc7XARNoyFGyo6VqyeRd$JOU9N5Tqf6yLmVcCrMRIotBriEKLSZaKqNztTZo2U9c=	t	01111111111	\N	\N	t
8	\N	CUSTOMER	Ibrahim	\N	\N	\N	f	01111111110	M	\N	f
3	2023-10-23 01:20:01.956863+03	ADMIN	Ibrahim	admin	\N	pbkdf2_sha256$600000$YA98lqM905RHYD9onTVL8H$zTKGFkB4Hb0aBH4oU8b5Cn7dkYUaO3ynsuBnDXkCHZ0=	t	01005555557	\N	\N	t
\.


--
-- Data for Name: users_groups; Type: TABLE DATA; Schema: public; Owner: i
--

COPY public.users_groups (id, person_id, group_id) FROM stdin;
\.


--
-- Data for Name: users_user_permissions; Type: TABLE DATA; Schema: public; Owner: i
--

COPY public.users_user_permissions (id, person_id, permission_id) FROM stdin;
\.


--
-- Name: Attendance_id_seq; Type: SEQUENCE SET; Schema: public; Owner: i
--

SELECT pg_catalog.setval('public."Attendance_id_seq"', 2, true);


--
-- Name: ajenda_id_seq; Type: SEQUENCE SET; Schema: public; Owner: i
--

SELECT pg_catalog.setval('public.ajenda_id_seq', 1, false);


--
-- Name: auth_group_id_seq; Type: SEQUENCE SET; Schema: public; Owner: i
--

SELECT pg_catalog.setval('public.auth_group_id_seq', 1, false);


--
-- Name: auth_group_permissions_id_seq; Type: SEQUENCE SET; Schema: public; Owner: i
--

SELECT pg_catalog.setval('public.auth_group_permissions_id_seq', 1, false);


--
-- Name: auth_permission_id_seq; Type: SEQUENCE SET; Schema: public; Owner: i
--

SELECT pg_catalog.setval('public.auth_permission_id_seq', 92, true);


--
-- Name: categories_id_seq; Type: SEQUENCE SET; Schema: public; Owner: i
--

SELECT pg_catalog.setval('public.categories_id_seq', 9, true);


--
-- Name: costs_id_seq; Type: SEQUENCE SET; Schema: public; Owner: i
--

SELECT pg_catalog.setval('public.costs_id_seq', 1, false);


--
-- Name: deliveries_id_seq; Type: SEQUENCE SET; Schema: public; Owner: i
--

SELECT pg_catalog.setval('public.deliveries_id_seq', 13, true);


--
-- Name: django_admin_log_id_seq; Type: SEQUENCE SET; Schema: public; Owner: i
--

SELECT pg_catalog.setval('public.django_admin_log_id_seq', 23, true);


--
-- Name: django_content_type_id_seq; Type: SEQUENCE SET; Schema: public; Owner: i
--

SELECT pg_catalog.setval('public.django_content_type_id_seq', 23, true);


--
-- Name: django_migrations_id_seq; Type: SEQUENCE SET; Schema: public; Owner: i
--

SELECT pg_catalog.setval('public.django_migrations_id_seq', 39, true);


--
-- Name: menu_items_id_seq; Type: SEQUENCE SET; Schema: public; Owner: i
--

SELECT pg_catalog.setval('public.menu_items_id_seq', 3, true);


--
-- Name: order_items_id_seq; Type: SEQUENCE SET; Schema: public; Owner: i
--

SELECT pg_catalog.setval('public.order_items_id_seq', 1, false);


--
-- Name: orders_id_seq; Type: SEQUENCE SET; Schema: public; Owner: i
--

SELECT pg_catalog.setval('public.orders_id_seq', 13, true);


--
-- Name: shifts_id_seq; Type: SEQUENCE SET; Schema: public; Owner: i
--

SELECT pg_catalog.setval('public.shifts_id_seq', 15, true);


--
-- Name: shifts_reports_id_seq; Type: SEQUENCE SET; Schema: public; Owner: i
--

SELECT pg_catalog.setval('public.shifts_reports_id_seq', 1, false);


--
-- Name: users_groups_id_seq; Type: SEQUENCE SET; Schema: public; Owner: i
--

SELECT pg_catalog.setval('public.users_groups_id_seq', 1, false);


--
-- Name: users_id_seq; Type: SEQUENCE SET; Schema: public; Owner: i
--

SELECT pg_catalog.setval('public.users_id_seq', 8, true);


--
-- Name: users_user_permissions_id_seq; Type: SEQUENCE SET; Schema: public; Owner: i
--

SELECT pg_catalog.setval('public.users_user_permissions_id_seq', 1, false);


--
-- Name: Attendance Attendance_pkey; Type: CONSTRAINT; Schema: public; Owner: i
--

ALTER TABLE ONLY public."Attendance"
    ADD CONSTRAINT "Attendance_pkey" PRIMARY KEY (id);


--
-- Name: admins admins_pkey; Type: CONSTRAINT; Schema: public; Owner: i
--

ALTER TABLE ONLY public.admins
    ADD CONSTRAINT admins_pkey PRIMARY KEY (person_ptr_id);


--
-- Name: ajenda ajenda_pkey; Type: CONSTRAINT; Schema: public; Owner: i
--

ALTER TABLE ONLY public.ajenda
    ADD CONSTRAINT ajenda_pkey PRIMARY KEY (id);


--
-- Name: auth_group auth_group_name_key; Type: CONSTRAINT; Schema: public; Owner: i
--

ALTER TABLE ONLY public.auth_group
    ADD CONSTRAINT auth_group_name_key UNIQUE (name);


--
-- Name: auth_group_permissions auth_group_permissions_group_id_permission_id_0cd325b0_uniq; Type: CONSTRAINT; Schema: public; Owner: i
--

ALTER TABLE ONLY public.auth_group_permissions
    ADD CONSTRAINT auth_group_permissions_group_id_permission_id_0cd325b0_uniq UNIQUE (group_id, permission_id);


--
-- Name: auth_group_permissions auth_group_permissions_pkey; Type: CONSTRAINT; Schema: public; Owner: i
--

ALTER TABLE ONLY public.auth_group_permissions
    ADD CONSTRAINT auth_group_permissions_pkey PRIMARY KEY (id);


--
-- Name: auth_group auth_group_pkey; Type: CONSTRAINT; Schema: public; Owner: i
--

ALTER TABLE ONLY public.auth_group
    ADD CONSTRAINT auth_group_pkey PRIMARY KEY (id);


--
-- Name: auth_permission auth_permission_content_type_id_codename_01ab375a_uniq; Type: CONSTRAINT; Schema: public; Owner: i
--

ALTER TABLE ONLY public.auth_permission
    ADD CONSTRAINT auth_permission_content_type_id_codename_01ab375a_uniq UNIQUE (content_type_id, codename);


--
-- Name: auth_permission auth_permission_pkey; Type: CONSTRAINT; Schema: public; Owner: i
--

ALTER TABLE ONLY public.auth_permission
    ADD CONSTRAINT auth_permission_pkey PRIMARY KEY (id);


--
-- Name: categories categories_pkey; Type: CONSTRAINT; Schema: public; Owner: i
--

ALTER TABLE ONLY public.categories
    ADD CONSTRAINT categories_pkey PRIMARY KEY (id);


--
-- Name: costs costs_pkey; Type: CONSTRAINT; Schema: public; Owner: i
--

ALTER TABLE ONLY public.costs
    ADD CONSTRAINT costs_pkey PRIMARY KEY (id);


--
-- Name: customers customers_pkey; Type: CONSTRAINT; Schema: public; Owner: i
--

ALTER TABLE ONLY public.customers
    ADD CONSTRAINT customers_pkey PRIMARY KEY (person_ptr_id);


--
-- Name: deliveries deliveries_pkey; Type: CONSTRAINT; Schema: public; Owner: i
--

ALTER TABLE ONLY public.deliveries
    ADD CONSTRAINT deliveries_pkey PRIMARY KEY (id);


--
-- Name: django_admin_log django_admin_log_pkey; Type: CONSTRAINT; Schema: public; Owner: i
--

ALTER TABLE ONLY public.django_admin_log
    ADD CONSTRAINT django_admin_log_pkey PRIMARY KEY (id);


--
-- Name: django_content_type django_content_type_app_label_model_76bd3d3b_uniq; Type: CONSTRAINT; Schema: public; Owner: i
--

ALTER TABLE ONLY public.django_content_type
    ADD CONSTRAINT django_content_type_app_label_model_76bd3d3b_uniq UNIQUE (app_label, model);


--
-- Name: django_content_type django_content_type_pkey; Type: CONSTRAINT; Schema: public; Owner: i
--

ALTER TABLE ONLY public.django_content_type
    ADD CONSTRAINT django_content_type_pkey PRIMARY KEY (id);


--
-- Name: django_migrations django_migrations_pkey; Type: CONSTRAINT; Schema: public; Owner: i
--

ALTER TABLE ONLY public.django_migrations
    ADD CONSTRAINT django_migrations_pkey PRIMARY KEY (id);


--
-- Name: django_session django_session_pkey; Type: CONSTRAINT; Schema: public; Owner: i
--

ALTER TABLE ONLY public.django_session
    ADD CONSTRAINT django_session_pkey PRIMARY KEY (session_key);


--
-- Name: employees employees_pkey; Type: CONSTRAINT; Schema: public; Owner: i
--

ALTER TABLE ONLY public.employees
    ADD CONSTRAINT employees_pkey PRIMARY KEY (person_ptr_id);


--
-- Name: logEntry_customlogentry logEntry_customlogentry_pkey; Type: CONSTRAINT; Schema: public; Owner: i
--

ALTER TABLE ONLY public."logEntry_customlogentry"
    ADD CONSTRAINT "logEntry_customlogentry_pkey" PRIMARY KEY (logentry_ptr_id);


--
-- Name: menu_items menu_items_pkey; Type: CONSTRAINT; Schema: public; Owner: i
--

ALTER TABLE ONLY public.menu_items
    ADD CONSTRAINT menu_items_pkey PRIMARY KEY (id);


--
-- Name: order_items order_items_pkey; Type: CONSTRAINT; Schema: public; Owner: i
--

ALTER TABLE ONLY public.order_items
    ADD CONSTRAINT order_items_pkey PRIMARY KEY (id);


--
-- Name: orders orders_pkey; Type: CONSTRAINT; Schema: public; Owner: i
--

ALTER TABLE ONLY public.orders
    ADD CONSTRAINT orders_pkey PRIMARY KEY (id);


--
-- Name: shifts shifts_pkey; Type: CONSTRAINT; Schema: public; Owner: i
--

ALTER TABLE ONLY public.shifts
    ADD CONSTRAINT shifts_pkey PRIMARY KEY (id);


--
-- Name: shifts_reports shifts_reports_pkey; Type: CONSTRAINT; Schema: public; Owner: i
--

ALTER TABLE ONLY public.shifts_reports
    ADD CONSTRAINT shifts_reports_pkey PRIMARY KEY (id);


--
-- Name: shifts_reports shifts_reports_related_shift_id_key; Type: CONSTRAINT; Schema: public; Owner: i
--

ALTER TABLE ONLY public.shifts_reports
    ADD CONSTRAINT shifts_reports_related_shift_id_key UNIQUE (related_shift_id);


--
-- Name: users users_email_key; Type: CONSTRAINT; Schema: public; Owner: i
--

ALTER TABLE ONLY public.users
    ADD CONSTRAINT users_email_key UNIQUE (email);


--
-- Name: users_groups users_groups_person_id_group_id_e628a331_uniq; Type: CONSTRAINT; Schema: public; Owner: i
--

ALTER TABLE ONLY public.users_groups
    ADD CONSTRAINT users_groups_person_id_group_id_e628a331_uniq UNIQUE (person_id, group_id);


--
-- Name: users_groups users_groups_pkey; Type: CONSTRAINT; Schema: public; Owner: i
--

ALTER TABLE ONLY public.users_groups
    ADD CONSTRAINT users_groups_pkey PRIMARY KEY (id);


--
-- Name: users users_phone_number_key; Type: CONSTRAINT; Schema: public; Owner: i
--

ALTER TABLE ONLY public.users
    ADD CONSTRAINT users_phone_number_key UNIQUE (phone_number);


--
-- Name: users users_pkey; Type: CONSTRAINT; Schema: public; Owner: i
--

ALTER TABLE ONLY public.users
    ADD CONSTRAINT users_pkey PRIMARY KEY (id);


--
-- Name: users_user_permissions users_user_permissions_person_id_permission_id_39faa9af_uniq; Type: CONSTRAINT; Schema: public; Owner: i
--

ALTER TABLE ONLY public.users_user_permissions
    ADD CONSTRAINT users_user_permissions_person_id_permission_id_39faa9af_uniq UNIQUE (person_id, permission_id);


--
-- Name: users_user_permissions users_user_permissions_pkey; Type: CONSTRAINT; Schema: public; Owner: i
--

ALTER TABLE ONLY public.users_user_permissions
    ADD CONSTRAINT users_user_permissions_pkey PRIMARY KEY (id);


--
-- Name: users users_username_key; Type: CONSTRAINT; Schema: public; Owner: i
--

ALTER TABLE ONLY public.users
    ADD CONSTRAINT users_username_key UNIQUE (username);


--
-- Name: Attendance_employee_attended_id_665e31de; Type: INDEX; Schema: public; Owner: i
--

CREATE INDEX "Attendance_employee_attended_id_665e31de" ON public."Attendance" USING btree (employee_attended_id);


--
-- Name: Attendance_user_created_the_attendance_id_106ba4dc; Type: INDEX; Schema: public; Owner: i
--

CREATE INDEX "Attendance_user_created_the_attendance_id_106ba4dc" ON public."Attendance" USING btree (user_created_the_attendance_id);


--
-- Name: auth_group_name_a6ea08ec_like; Type: INDEX; Schema: public; Owner: i
--

CREATE INDEX auth_group_name_a6ea08ec_like ON public.auth_group USING btree (name varchar_pattern_ops);


--
-- Name: auth_group_permissions_group_id_b120cbf9; Type: INDEX; Schema: public; Owner: i
--

CREATE INDEX auth_group_permissions_group_id_b120cbf9 ON public.auth_group_permissions USING btree (group_id);


--
-- Name: auth_group_permissions_permission_id_84c5c92e; Type: INDEX; Schema: public; Owner: i
--

CREATE INDEX auth_group_permissions_permission_id_84c5c92e ON public.auth_group_permissions USING btree (permission_id);


--
-- Name: auth_permission_content_type_id_2f476e4b; Type: INDEX; Schema: public; Owner: i
--

CREATE INDEX auth_permission_content_type_id_2f476e4b ON public.auth_permission USING btree (content_type_id);


--
-- Name: costs_related_shift_id_e0d88128; Type: INDEX; Schema: public; Owner: i
--

CREATE INDEX costs_related_shift_id_e0d88128 ON public.costs USING btree (related_shift_id);


--
-- Name: costs_user_id_f77e091d; Type: INDEX; Schema: public; Owner: i
--

CREATE INDEX costs_user_id_f77e091d ON public.costs USING btree (user_id);


--
-- Name: deliveries_customer_id_0979af68; Type: INDEX; Schema: public; Owner: i
--

CREATE INDEX deliveries_customer_id_0979af68 ON public.deliveries USING btree (customer_id);


--
-- Name: deliveries_for_order_id_9e70a370; Type: INDEX; Schema: public; Owner: i
--

CREATE INDEX deliveries_for_order_id_9e70a370 ON public.deliveries USING btree (for_order_id);


--
-- Name: deliveries_responsible_employee_id_4f16187a; Type: INDEX; Schema: public; Owner: i
--

CREATE INDEX deliveries_responsible_employee_id_4f16187a ON public.deliveries USING btree (responsible_employee_id);


--
-- Name: django_admin_log_content_type_id_c4bce8eb; Type: INDEX; Schema: public; Owner: i
--

CREATE INDEX django_admin_log_content_type_id_c4bce8eb ON public.django_admin_log USING btree (content_type_id);


--
-- Name: django_admin_log_user_id_c564eba6; Type: INDEX; Schema: public; Owner: i
--

CREATE INDEX django_admin_log_user_id_c564eba6 ON public.django_admin_log USING btree (user_id);


--
-- Name: django_session_expire_date_a5c62663; Type: INDEX; Schema: public; Owner: i
--

CREATE INDEX django_session_expire_date_a5c62663 ON public.django_session USING btree (expire_date);


--
-- Name: django_session_session_key_c0390e0f_like; Type: INDEX; Schema: public; Owner: i
--

CREATE INDEX django_session_session_key_c0390e0f_like ON public.django_session USING btree (session_key varchar_pattern_ops);


--
-- Name: menu_items_category_id_5066f1ed; Type: INDEX; Schema: public; Owner: i
--

CREATE INDEX menu_items_category_id_5066f1ed ON public.menu_items USING btree (category_id);


--
-- Name: order_items_menu_item_id_66f11f6f; Type: INDEX; Schema: public; Owner: i
--

CREATE INDEX order_items_menu_item_id_66f11f6f ON public.order_items USING btree (menu_item_id);


--
-- Name: order_items_order_id_412ad78b; Type: INDEX; Schema: public; Owner: i
--

CREATE INDEX order_items_order_id_412ad78b ON public.order_items USING btree (order_id);


--
-- Name: orders_customer_id_b7016332; Type: INDEX; Schema: public; Owner: i
--

CREATE INDEX orders_customer_id_b7016332 ON public.orders USING btree (customer_id);


--
-- Name: orders_shift_id_fdb8e2c9; Type: INDEX; Schema: public; Owner: i
--

CREATE INDEX orders_shift_id_fdb8e2c9 ON public.orders USING btree (shift_id);


--
-- Name: shifts_responsible_employee_id_77f105c1; Type: INDEX; Schema: public; Owner: i
--

CREATE INDEX shifts_responsible_employee_id_77f105c1 ON public.shifts USING btree (responsible_employee_id);


--
-- Name: users_email_0ea73cca_like; Type: INDEX; Schema: public; Owner: i
--

CREATE INDEX users_email_0ea73cca_like ON public.users USING btree (email varchar_pattern_ops);


--
-- Name: users_groups_group_id_2f3517aa; Type: INDEX; Schema: public; Owner: i
--

CREATE INDEX users_groups_group_id_2f3517aa ON public.users_groups USING btree (group_id);


--
-- Name: users_groups_person_id_8d18e9d5; Type: INDEX; Schema: public; Owner: i
--

CREATE INDEX users_groups_person_id_8d18e9d5 ON public.users_groups USING btree (person_id);


--
-- Name: users_phone_number_b4cde146_like; Type: INDEX; Schema: public; Owner: i
--

CREATE INDEX users_phone_number_b4cde146_like ON public.users USING btree (phone_number varchar_pattern_ops);


--
-- Name: users_user_permissions_permission_id_6d08dcd2; Type: INDEX; Schema: public; Owner: i
--

CREATE INDEX users_user_permissions_permission_id_6d08dcd2 ON public.users_user_permissions USING btree (permission_id);


--
-- Name: users_user_permissions_person_id_9de6190c; Type: INDEX; Schema: public; Owner: i
--

CREATE INDEX users_user_permissions_person_id_9de6190c ON public.users_user_permissions USING btree (person_id);


--
-- Name: users_username_e8658fc8_like; Type: INDEX; Schema: public; Owner: i
--

CREATE INDEX users_username_e8658fc8_like ON public.users USING btree (username varchar_pattern_ops);


--
-- Name: Attendance Attendance_employee_attended_id_665e31de_fk_employees; Type: FK CONSTRAINT; Schema: public; Owner: i
--

ALTER TABLE ONLY public."Attendance"
    ADD CONSTRAINT "Attendance_employee_attended_id_665e31de_fk_employees" FOREIGN KEY (employee_attended_id) REFERENCES public.employees(person_ptr_id) DEFERRABLE INITIALLY DEFERRED;


--
-- Name: Attendance Attendance_user_created_the_attendance_id_106ba4dc_fk_users_id; Type: FK CONSTRAINT; Schema: public; Owner: i
--

ALTER TABLE ONLY public."Attendance"
    ADD CONSTRAINT "Attendance_user_created_the_attendance_id_106ba4dc_fk_users_id" FOREIGN KEY (user_created_the_attendance_id) REFERENCES public.users(id) DEFERRABLE INITIALLY DEFERRED;


--
-- Name: admins admins_person_ptr_id_224574d0_fk_users_id; Type: FK CONSTRAINT; Schema: public; Owner: i
--

ALTER TABLE ONLY public.admins
    ADD CONSTRAINT admins_person_ptr_id_224574d0_fk_users_id FOREIGN KEY (person_ptr_id) REFERENCES public.users(id) DEFERRABLE INITIALLY DEFERRED;


--
-- Name: ajenda ajenda_created_by_id_fkey; Type: FK CONSTRAINT; Schema: public; Owner: i
--

ALTER TABLE ONLY public.ajenda
    ADD CONSTRAINT ajenda_created_by_id_fkey FOREIGN KEY (created_by_id) REFERENCES public.users(id);


--
-- Name: auth_group_permissions auth_group_permissio_permission_id_84c5c92e_fk_auth_perm; Type: FK CONSTRAINT; Schema: public; Owner: i
--

ALTER TABLE ONLY public.auth_group_permissions
    ADD CONSTRAINT auth_group_permissio_permission_id_84c5c92e_fk_auth_perm FOREIGN KEY (permission_id) REFERENCES public.auth_permission(id) DEFERRABLE INITIALLY DEFERRED;


--
-- Name: auth_group_permissions auth_group_permissions_group_id_b120cbf9_fk_auth_group_id; Type: FK CONSTRAINT; Schema: public; Owner: i
--

ALTER TABLE ONLY public.auth_group_permissions
    ADD CONSTRAINT auth_group_permissions_group_id_b120cbf9_fk_auth_group_id FOREIGN KEY (group_id) REFERENCES public.auth_group(id) DEFERRABLE INITIALLY DEFERRED;


--
-- Name: auth_permission auth_permission_content_type_id_2f476e4b_fk_django_co; Type: FK CONSTRAINT; Schema: public; Owner: i
--

ALTER TABLE ONLY public.auth_permission
    ADD CONSTRAINT auth_permission_content_type_id_2f476e4b_fk_django_co FOREIGN KEY (content_type_id) REFERENCES public.django_content_type(id) DEFERRABLE INITIALLY DEFERRED;


--
-- Name: costs costs_related_shift_id_e0d88128_fk_shifts_id; Type: FK CONSTRAINT; Schema: public; Owner: i
--

ALTER TABLE ONLY public.costs
    ADD CONSTRAINT costs_related_shift_id_e0d88128_fk_shifts_id FOREIGN KEY (related_shift_id) REFERENCES public.shifts(id) DEFERRABLE INITIALLY DEFERRED;


--
-- Name: costs costs_user_id_f77e091d_fk_employees_person_ptr_id; Type: FK CONSTRAINT; Schema: public; Owner: i
--

ALTER TABLE ONLY public.costs
    ADD CONSTRAINT costs_user_id_f77e091d_fk_employees_person_ptr_id FOREIGN KEY (user_id) REFERENCES public.employees(person_ptr_id) DEFERRABLE INITIALLY DEFERRED;


--
-- Name: customers customers_person_ptr_id_d522fffe_fk_users_id; Type: FK CONSTRAINT; Schema: public; Owner: i
--

ALTER TABLE ONLY public.customers
    ADD CONSTRAINT customers_person_ptr_id_d522fffe_fk_users_id FOREIGN KEY (person_ptr_id) REFERENCES public.users(id) DEFERRABLE INITIALLY DEFERRED;


--
-- Name: deliveries deliveries_customer_id_0979af68_fk_customers_person_ptr_id; Type: FK CONSTRAINT; Schema: public; Owner: i
--

ALTER TABLE ONLY public.deliveries
    ADD CONSTRAINT deliveries_customer_id_0979af68_fk_customers_person_ptr_id FOREIGN KEY (customer_id) REFERENCES public.customers(person_ptr_id) DEFERRABLE INITIALLY DEFERRED;


--
-- Name: deliveries deliveries_for_order_id_9e70a370_fk_orders_id; Type: FK CONSTRAINT; Schema: public; Owner: i
--

ALTER TABLE ONLY public.deliveries
    ADD CONSTRAINT deliveries_for_order_id_9e70a370_fk_orders_id FOREIGN KEY (for_order_id) REFERENCES public.orders(id) DEFERRABLE INITIALLY DEFERRED;


--
-- Name: deliveries deliveries_responsible_employee_4f16187a_fk_employees; Type: FK CONSTRAINT; Schema: public; Owner: i
--

ALTER TABLE ONLY public.deliveries
    ADD CONSTRAINT deliveries_responsible_employee_4f16187a_fk_employees FOREIGN KEY (responsible_employee_id) REFERENCES public.employees(person_ptr_id) DEFERRABLE INITIALLY DEFERRED;


--
-- Name: django_admin_log django_admin_log_content_type_id_c4bce8eb_fk_django_co; Type: FK CONSTRAINT; Schema: public; Owner: i
--

ALTER TABLE ONLY public.django_admin_log
    ADD CONSTRAINT django_admin_log_content_type_id_c4bce8eb_fk_django_co FOREIGN KEY (content_type_id) REFERENCES public.django_content_type(id) DEFERRABLE INITIALLY DEFERRED;


--
-- Name: django_admin_log django_admin_log_user_id_c564eba6_fk_users_id; Type: FK CONSTRAINT; Schema: public; Owner: i
--

ALTER TABLE ONLY public.django_admin_log
    ADD CONSTRAINT django_admin_log_user_id_c564eba6_fk_users_id FOREIGN KEY (user_id) REFERENCES public.users(id) DEFERRABLE INITIALLY DEFERRED;


--
-- Name: employees employees_person_ptr_id_1a67abf0_fk_users_id; Type: FK CONSTRAINT; Schema: public; Owner: i
--

ALTER TABLE ONLY public.employees
    ADD CONSTRAINT employees_person_ptr_id_1a67abf0_fk_users_id FOREIGN KEY (person_ptr_id) REFERENCES public.users(id) DEFERRABLE INITIALLY DEFERRED;


--
-- Name: logEntry_customlogentry logEntry_customlogen_logentry_ptr_id_283d23b3_fk_django_ad; Type: FK CONSTRAINT; Schema: public; Owner: i
--

ALTER TABLE ONLY public."logEntry_customlogentry"
    ADD CONSTRAINT "logEntry_customlogen_logentry_ptr_id_283d23b3_fk_django_ad" FOREIGN KEY (logentry_ptr_id) REFERENCES public.django_admin_log(id) DEFERRABLE INITIALLY DEFERRED;


--
-- Name: menu_items menu_items_category_id_5066f1ed_fk_categories_id; Type: FK CONSTRAINT; Schema: public; Owner: i
--

ALTER TABLE ONLY public.menu_items
    ADD CONSTRAINT menu_items_category_id_5066f1ed_fk_categories_id FOREIGN KEY (category_id) REFERENCES public.categories(id) DEFERRABLE INITIALLY DEFERRED;


--
-- Name: order_items order_items_menu_item_id_66f11f6f_fk_menu_items_id; Type: FK CONSTRAINT; Schema: public; Owner: i
--

ALTER TABLE ONLY public.order_items
    ADD CONSTRAINT order_items_menu_item_id_66f11f6f_fk_menu_items_id FOREIGN KEY (menu_item_id) REFERENCES public.menu_items(id) DEFERRABLE INITIALLY DEFERRED;


--
-- Name: order_items order_items_order_id_412ad78b_fk_orders_id; Type: FK CONSTRAINT; Schema: public; Owner: i
--

ALTER TABLE ONLY public.order_items
    ADD CONSTRAINT order_items_order_id_412ad78b_fk_orders_id FOREIGN KEY (order_id) REFERENCES public.orders(id) DEFERRABLE INITIALLY DEFERRED;


--
-- Name: orders orders_customer_id_b7016332_fk_customers_person_ptr_id; Type: FK CONSTRAINT; Schema: public; Owner: i
--

ALTER TABLE ONLY public.orders
    ADD CONSTRAINT orders_customer_id_b7016332_fk_customers_person_ptr_id FOREIGN KEY (customer_id) REFERENCES public.customers(person_ptr_id) DEFERRABLE INITIALLY DEFERRED;


--
-- Name: orders orders_shift_id_fdb8e2c9_fk_shifts_id; Type: FK CONSTRAINT; Schema: public; Owner: i
--

ALTER TABLE ONLY public.orders
    ADD CONSTRAINT orders_shift_id_fdb8e2c9_fk_shifts_id FOREIGN KEY (shift_id) REFERENCES public.shifts(id) DEFERRABLE INITIALLY DEFERRED;


--
-- Name: shifts_reports shifts_reports_related_shift_id_4e4fd953_fk_shifts_id; Type: FK CONSTRAINT; Schema: public; Owner: i
--

ALTER TABLE ONLY public.shifts_reports
    ADD CONSTRAINT shifts_reports_related_shift_id_4e4fd953_fk_shifts_id FOREIGN KEY (related_shift_id) REFERENCES public.shifts(id) DEFERRABLE INITIALLY DEFERRED;


--
-- Name: shifts shifts_responsible_employee_77f105c1_fk_employees; Type: FK CONSTRAINT; Schema: public; Owner: i
--

ALTER TABLE ONLY public.shifts
    ADD CONSTRAINT shifts_responsible_employee_77f105c1_fk_employees FOREIGN KEY (responsible_employee_id) REFERENCES public.employees(person_ptr_id) DEFERRABLE INITIALLY DEFERRED;


--
-- Name: users_groups users_groups_group_id_2f3517aa_fk_auth_group_id; Type: FK CONSTRAINT; Schema: public; Owner: i
--

ALTER TABLE ONLY public.users_groups
    ADD CONSTRAINT users_groups_group_id_2f3517aa_fk_auth_group_id FOREIGN KEY (group_id) REFERENCES public.auth_group(id) DEFERRABLE INITIALLY DEFERRED;


--
-- Name: users_groups users_groups_person_id_8d18e9d5_fk_users_id; Type: FK CONSTRAINT; Schema: public; Owner: i
--

ALTER TABLE ONLY public.users_groups
    ADD CONSTRAINT users_groups_person_id_8d18e9d5_fk_users_id FOREIGN KEY (person_id) REFERENCES public.users(id) DEFERRABLE INITIALLY DEFERRED;


--
-- Name: users_user_permissions users_user_permissio_permission_id_6d08dcd2_fk_auth_perm; Type: FK CONSTRAINT; Schema: public; Owner: i
--

ALTER TABLE ONLY public.users_user_permissions
    ADD CONSTRAINT users_user_permissio_permission_id_6d08dcd2_fk_auth_perm FOREIGN KEY (permission_id) REFERENCES public.auth_permission(id) DEFERRABLE INITIALLY DEFERRED;


--
-- Name: users_user_permissions users_user_permissions_person_id_9de6190c_fk_users_id; Type: FK CONSTRAINT; Schema: public; Owner: i
--

ALTER TABLE ONLY public.users_user_permissions
    ADD CONSTRAINT users_user_permissions_person_id_9de6190c_fk_users_id FOREIGN KEY (person_id) REFERENCES public.users(id) DEFERRABLE INITIALLY DEFERRED;


--
-- PostgreSQL database dump complete
--

